Type,Title,Link
Workshops,"Applying for National Science Foundation Funding in Cognitive Science:
Cognition, Computation, Development, Education, and Neuroscience",https://escholarship.org/uc/item/8pm9c4rn
Workshops,"The Workshop of ""Physical and Social Scene Understanding""",https://escholarship.org/uc/item/77h3963p
Workshops,"Language & Common Sense: Integrating across psychology, linguistics, and computer science",https://escholarship.org/uc/item/0zn5g475
Workshops,Evidence Accumulation Modeling: Bayesian Estimation using Differential Evolution,https://escholarship.org/uc/item/4c20h5sw
Workshops,"Workshop on Optimizing Experimental Designs: Theory, Practice, and Applications",https://escholarship.org/uc/item/0sh218js
Publication-Based Presentations,A Communal Exchange-based Framework for Cultural Evolution,https://escholarship.org/uc/item/1v43k51r
Publication-Based Presentations,"The Eco-Cognitive Model of Abduction (EC-Model)
Is Abduction Really Ignorance-Preserving?",https://escholarship.org/uc/item/5gs943r8
Publication-Based Presentations,How the curse of intractability can be cognitive science‚Äôs blessing,https://escholarship.org/uc/item/8v6066wt
Tutorials,Quantifying the Dynamics of Interpersonal Interaction: A Primer on Cross-Recurrence Quantification Analysis using R,https://escholarship.org/uc/item/3h47c51h
Tutorials,Programming online experiments with jsPsych,https://escholarship.org/uc/item/6tb540kg
Tutorials,Tutorial: Bayesian data analysis,https://escholarship.org/uc/item/5c8389cm
Tutorials,Full Day Tutorial on Quantum Models of Cognition and Decision,https://escholarship.org/uc/item/07q978k6
Symposia,The Relevance of Alternative Possibilities throughout Cognition,https://escholarship.org/uc/item/5404f98m
Symposia,Analogical Processes in Language Learning,https://escholarship.org/uc/item/74r525t0
Symposia,Generative and Discriminative Models in Cognitive Science,https://escholarship.org/uc/item/0049w8mt
Symposia,Communicating Cognitive Science: Improving Awareness and Understanding Among People Who are Not Ourselves,https://escholarship.org/uc/item/0t52c4p3
Symposia,Causality and Agency Across Cultures and Languages,https://escholarship.org/uc/item/66w5382m
Symposia,"Connecting learning, memory, and representation in math education",https://escholarship.org/uc/item/5sd1r39j
Member Abstracts,Multiscale clustering of vocalizations during naturalistic infant-caregiver interactions,https://escholarship.org/uc/item/7285w0hv
Member Abstracts,Priming Dynamic-Kinematic Routines Using Spatial Language,https://escholarship.org/uc/item/3nr9b0pm
Member Abstracts,"Searching for the best functional comparison to isolate neural processes related to
response inhibtion",https://escholarship.org/uc/item/2205g1rn
Member Abstracts,A Theory of Information Processing for Large-Scale Brain Networks,https://escholarship.org/uc/item/20z1524h
Member Abstracts,"Cognitive representations of form in pop music: A probabilistic grammars
approach",https://escholarship.org/uc/item/6dp4t90g
Member Abstracts,"Cognitive Flexibility in Mathematics: Bilingual Children Show Cognitive
Advantages",https://escholarship.org/uc/item/4sp3x32p
Member Abstracts,Tense systems across languages support efficient communication,https://escholarship.org/uc/item/4jw6m98f
Member Abstracts,Modelling insight: The case of the nine-dot problem,https://escholarship.org/uc/item/2535v3k2
Member Abstracts,Interpreting Visualizations of Uncertainty on Smartphone Displays,https://escholarship.org/uc/item/6s24q1xf
Member Abstracts,Cognitive productivity: Can cognitive science improve how knowledge workers' use IT to learn from source material?,https://escholarship.org/uc/item/9x0456tf
Member Abstracts,It's all in the eye: multiple orders of motor planning in gaze control,https://escholarship.org/uc/item/8hg6q8q6
Member Abstracts,Watching Fictive Motion in Action: Discourse Data from the TV News Archive,https://escholarship.org/uc/item/51j846kd
Member Abstracts,Valence vs. Value in Decision-Making in Depression,https://escholarship.org/uc/item/5gv0974z
Member Abstracts,"Bridging the communicative gap between robots and humans, by analogy",https://escholarship.org/uc/item/79t171jf
Member Abstracts,Strategy differences do not account for gender difference in mental rotation,https://escholarship.org/uc/item/76h549kd
Member Abstracts,"Individual Differences in Coordinating Between Graphs and Equations of
Functions: Effects of CMR Facilitation",https://escholarship.org/uc/item/37q0m6z0
Member Abstracts,"Assessing Two Dimensions of Gender Essentialism in Monolingual and Bilingual
Adults",https://escholarship.org/uc/item/98p8849h
Member Abstracts,Perceptual Learning in Mathematics Produces Durable Encoding Improvements,https://escholarship.org/uc/item/1pd307bn
Member Abstracts,"Creating You-Are-Here Maps: Mapping location and orientation using
photographs",https://escholarship.org/uc/item/3r59r94d
Member Abstracts,"Education, not age, predicts variable plural production in Yucatec Maya",https://escholarship.org/uc/item/3699f6c6
Member Abstracts,An Automatized Heider-Simmel Story Generation Tool,https://escholarship.org/uc/item/90c2k3nw
Member Abstracts,"A Computational Modeling Approach to Understanding Gender Differences in the
Iowa Gambling Task",https://escholarship.org/uc/item/45b392sd
Member Abstracts,Selecting landmarks when giving directions to different addressees on campus,https://escholarship.org/uc/item/04p7f1p8
Member Abstracts,The space of spatial relations: An extended stimulus set,https://escholarship.org/uc/item/8501t1k5
Member Abstracts,A Puzzle for your thoughts: Information about the difficulty of one task influences preschoolers' exploratory play with a novel toy,https://escholarship.org/uc/item/9c90s4cz
Member Abstracts,"UsingWordless Picture Books during Shared Reading Boost Language Production
in Preschoolers",https://escholarship.org/uc/item/7fr5x9qh
Member Abstracts,The Breadth and Depth of E-reading and Paper-reading,https://escholarship.org/uc/item/2nm66679
Member Abstracts,"Analyze Chinese Lexicon Project in the Chinese Character norms of traditional
scripts",https://escholarship.org/uc/item/1rw4p6bh
Member Abstracts,Implicit Association in Mathematics and Science,https://escholarship.org/uc/item/1rd2t9mm
Member Abstracts,Age differences in information search: An exploration-exploitation tradeoff model,https://escholarship.org/uc/item/4w33c6wj
Member Abstracts,"An Embodied Cognition Approach to Studying EmotionalWords: The Impact of
Positive Facial Experiences on Semantic Properties Judgment",https://escholarship.org/uc/item/0p90p4h4
Member Abstracts,Conceptual Combination Modulated by Action using Tangible Computers,https://escholarship.org/uc/item/3ck2k6w2
Member Abstracts,Violence Metaphors in Presidential Debates,https://escholarship.org/uc/item/9hn4r5c9
Member Abstracts,Optimal stopping in a natural sampling task,https://escholarship.org/uc/item/93h9145b
Member Abstracts,Exemplar models can‚Äôt see the forest for the trees,https://escholarship.org/uc/item/37d1d20j
Member Abstracts,That's not the whole story: The role of reliability and credibility in evidential reasoning,https://escholarship.org/uc/item/3m8704h4
Member Abstracts,A holistic advantage in face drawing: higher accuracy when drawing upright faces,https://escholarship.org/uc/item/1zx5164d
Member Abstracts,Cultural Differences in Fluid Collaboration,https://escholarship.org/uc/item/7kw6h405
Member Abstracts,"Informative Transitions: A Heuristic for Conditionalized Causal Strength
Learning",https://escholarship.org/uc/item/13s2m25r
Member Abstracts,"A test of the somnolent mentation theory and the cognitive shuffle insomnia
treatment",https://escholarship.org/uc/item/5jx7k12g
Member Abstracts,Natural language quantifiers are exclusively linked to exact number skills,https://escholarship.org/uc/item/45q853k6
Member Abstracts,Acoustic Correlates of Speaker Confidence: Can They Tell I Don't Know?,https://escholarship.org/uc/item/0mp651v2
Member Abstracts,"Influences of task difficulty on initiation time and overall use of an external
strategy",https://escholarship.org/uc/item/9p88207s
Member Abstracts,"Body-centric and world-centric components of the large-scale horizontal-vertical
illusion",https://escholarship.org/uc/item/8bh7s3cc
Member Abstracts,"Distinguishing the Recent Past from the Complicated Present in Recognition
Memory",https://escholarship.org/uc/item/043997fc
Member Abstracts,"A Computational Model of Emotion and Personality in Mastery Motivational
Oriented Students",https://escholarship.org/uc/item/2jw2h7jk
Member Abstracts,"Can priming intuitions about the logic of sets promote logical evaluations of
conjunctive probability judgments?",https://escholarship.org/uc/item/6j5023xh
Member Abstracts,Interactions of emoticon valence and text processing,https://escholarship.org/uc/item/5j02t9q8
Member Abstracts,"A Triple-Stopping Threshold System For a Sequential Decision Task: A Cast-Net
Stopping Rule Model",https://escholarship.org/uc/item/8r7992p6
Member Abstracts,16-month-olds use language to generate expectations about the visual world,https://escholarship.org/uc/item/42t630vd
Member Abstracts,Text Analytic Techniques in Survey Questionnaire Development and Analysis,https://escholarship.org/uc/item/99w6f5r2
Member Abstracts,Wisdom of Randomly Assembled Small Crowds,https://escholarship.org/uc/item/9032r52s
Member Abstracts,Using Advance Organizers to Improve Learning from Video,https://escholarship.org/uc/item/6rw9f9pt
Member Abstracts,The effects of spatial anxiety on memory for spatio-temporal scale,https://escholarship.org/uc/item/94c0r3gc
Member Abstracts,"Analogical reasoning performance and organization is influenced by the type of
semantic distractors: an investigation with adults",https://escholarship.org/uc/item/6qk6h1fn
Member Abstracts,"Individual Differences, Confirmation, and the Consideration of Alternative Causes",https://escholarship.org/uc/item/7z65k4r5
Member Abstracts,"The Increased Use of Tablets In Education: Why Physical Learning Is Sometimes
Better",https://escholarship.org/uc/item/5hw12516
Member Abstracts,Exploring the mechanism of context-dependent memory,https://escholarship.org/uc/item/3gc343q6
Member Abstracts,Economic Behavioral and Semantic Analysis of Generosity and Fairness in L’Arche Caregivers,https://escholarship.org/uc/item/8vf6b1rc
Member Abstracts,Do infants compare ratios or use simpler heuristics in probabilistic inference?,https://escholarship.org/uc/item/50t617qf
Member Abstracts,"How are interaction between human and an autonomous agent affected by
embodiments and voice?: Investigation with age groups comparison.",https://escholarship.org/uc/item/24g8t9nc
Member Abstracts,Which way to present product information is best for higher purchase intention,https://escholarship.org/uc/item/4gc0b2rj
Member Abstracts,Social Influences on the Spatial Perspective-Taking Abilities of Males and Females,https://escholarship.org/uc/item/51t207fw
Member Abstracts,"Twelve-month-olds differentiate between typical and atypical conversational
timing",https://escholarship.org/uc/item/6fx0t8v4
Member Abstracts,Effects of lined traces and hand motion in underlining sentences on comprehension,https://escholarship.org/uc/item/2c9668b0
Member Abstracts,The influence of an inherence heuristic on scientific explanation,https://escholarship.org/uc/item/6nn6s50c
Member Abstracts,The Relationship Between Empathy and Humor use in Adolescents,https://escholarship.org/uc/item/3kj0t7w2
Member Abstracts,"Understanding the Cone of Uncertainty: Non-expert interpretations of hurricane
forecast uncertainty visualizations",https://escholarship.org/uc/item/96s9t7g5
Member Abstracts,The Color of Music: Synesthesia or emotion-mediated cross-modal associations?,https://escholarship.org/uc/item/7kc9w651
Member Abstracts,"The Effects of Art Experience, Competence in Artistic Creation, and Methods of
Appreciation on Artistic Inspiration",https://escholarship.org/uc/item/8pn3m2sc
Member Abstracts,Effect of language on discrimination between warm and cold color hues.,https://escholarship.org/uc/item/9cj0g8b4
Member Abstracts,"The specificity of the labeling effect on memory: what kinds of labels improve
retrieval?",https://escholarship.org/uc/item/6zp1n99h
Member Abstracts,Dogmas of Understanding inWestern Art Music Performance,https://escholarship.org/uc/item/6zm7d19q
Member Abstracts,Understanding developmental bottlenecks in active inquiry,https://escholarship.org/uc/item/9gk0t6gb
Member Abstracts,"Use of Lexical Statistics for CompoundWord Recognition and Segmentation in
Turkish",https://escholarship.org/uc/item/9kk766jd
Member Abstracts,NARS as a Normative Model of Cognition,https://escholarship.org/uc/item/3983j166
Member Abstracts,"Social categories as ‚Äòexcluders‚Äô: Explaining stereotyping with connectionist
modeling",https://escholarship.org/uc/item/1gh099pq
Member Abstracts,A Computational Model of Jazz Improvisation Inspired by Language,https://escholarship.org/uc/item/0sr389qz
Member Abstracts,"Using Real-Time Computational Modeling to Individually Optimize Speech
Category Learning",https://escholarship.org/uc/item/601848b8
Member Abstracts,Figurative and Literal Action-Sentence Compatibility Effect in Japanese,https://escholarship.org/uc/item/3886p7wj
Member Abstracts,Finding Meaning in Neuroaesthetics,https://escholarship.org/uc/item/3p29t6b4
Member Abstracts,"A Case-Based Reasoning Approach to Providing High-Quality Feedback on
Computer Programming Exercises",https://escholarship.org/uc/item/75q4f088
Member Abstracts,Linear Versus Non-Linear Policy Capturing in a Dynamic Classification Task,https://escholarship.org/uc/item/6532d164
Member Abstracts,The Effects of Worked Examples on Transfer of Statistical Reasoning,https://escholarship.org/uc/item/87z676h6
Member Abstracts,The colors and textures of musical sounds,https://escholarship.org/uc/item/99n8q5z5
Member Abstracts,"‚ÄùNo way!‚Äù: Similar contribution of visual and auditory cues to sarcasm
comprehension",https://escholarship.org/uc/item/31p4z03j
Member Abstracts,Semantic Richness Effects in Memory,https://escholarship.org/uc/item/1sh3w8mr
Member Abstracts,"Long-Term Memory andWorking Memory can be Improved by Cognitive
Training",https://escholarship.org/uc/item/7qt2n6jx
Member Abstracts,"Vocabulary Size is Correlated with Non-Native Tone Sensitivity In English
Learning Infants",https://escholarship.org/uc/item/37z455q0
Member Abstracts,The Cognitive Niches of Knowledge-Based Decision Strategies,https://escholarship.org/uc/item/4r0176n1
Member Abstracts,"Belief in the unbelievable: The relationship between tendencies to believe
pseudoscience, paranormal, and conspiracy theories",https://escholarship.org/uc/item/24g9c73k
Member Abstracts,Modern Symbolic Communication Through Non-Word Text,https://escholarship.org/uc/item/2w7338tz
Member Abstracts,P3 as a neural index of response inhibition,https://escholarship.org/uc/item/7637423s
Member Abstracts,Topological Relations between Objects Are Categorically Coded,https://escholarship.org/uc/item/32j562bf
Member Abstracts,"The Role of Embodiment on Children‚Äôs Understanding and Motivation in Science
Learning",https://escholarship.org/uc/item/5gt920cj
Member Abstracts,Inferring causal structure and hidden causes from event sequences,https://escholarship.org/uc/item/3r7480cg
Member Abstracts,Argument Strength Computation Based on Satisfiability Degree and Agents' Beliefs,https://escholarship.org/uc/item/8c75g155
Member Abstracts,Asymmetry of causal inference in reading,https://escholarship.org/uc/item/7f91z35z
Member Abstracts,Does tactile softness and hardness alter our acceptance of utilitarian judgment?,https://escholarship.org/uc/item/4jn2v42p
Member Abstracts,"Neural precursors of decisions that matter ‚Äì an ERP study of the role of
consciousness in deliberate and random choices",https://escholarship.org/uc/item/8082b11r
Member Abstracts,Varying Effects of Subgoal Labeled Procedural Instructions in STEM Learning,https://escholarship.org/uc/item/672863cw
Member Abstracts,"The role of text in scientific reasoning: Priming misconceptions can facilitate
learning",https://escholarship.org/uc/item/1sg8w44b
Member Abstracts,"Speech and Print: Two Different Communication Media and Implications for
Acquiring Literacy Naturally",https://escholarship.org/uc/item/93s3012r
Member Abstracts,Acquisition of perceptual knowledge via information search,https://escholarship.org/uc/item/7z30q31t
Member Abstracts,How soon is now? The language of timing in joint activities,https://escholarship.org/uc/item/03v5h406
Member Abstracts,Invertible signals: A challenge for theories of communication,https://escholarship.org/uc/item/53s754cv
Member Abstracts,"Harmonization effects between a word‚Äôs meaning and typography: An
investigation using the visual world paradigm",https://escholarship.org/uc/item/57z543g1
Member Abstracts,"Language input from child-directed speech and children‚Äôs picture books are
different",https://escholarship.org/uc/item/5m00d72d
Member Abstracts,"Cognitive Modeling of Life Story: Reconstructing Our Memories from a Photo
Library",https://escholarship.org/uc/item/21p992tq
Member Abstracts,How semantic is unconscious semantic integration? A visual masking study,https://escholarship.org/uc/item/64c1591t
Member Abstracts,A Computational Account of Novel Word Generalization,https://escholarship.org/uc/item/5b64n5sg
Member Abstracts,How bookies make your money,https://escholarship.org/uc/item/0m03w41h
Member Abstracts,Choice Facilitates 4-Year-Olds‚Äô Cognitive Flexibility,https://escholarship.org/uc/item/8wm196bb
Member Abstracts,"Alternating Estimation of Local Objective and Global Purpose by Two-Layer
Model of Emphasizing Factors",https://escholarship.org/uc/item/49h5320f
Member Abstracts,"The Effect of the Structural Differences of Concepts on Learning by Drawing
versus Reading Diagrams",https://escholarship.org/uc/item/4sn444q9
Member Abstracts,Individual differences in the use of cues during insight problem solving,https://escholarship.org/uc/item/6kc946vs
Member Abstracts,"Individual differences in older adults‚Äô working memory capacity and speed of
using touch interfaces",https://escholarship.org/uc/item/9hg199dk
Member Abstracts,How did Homo Heuristicus become ecologically rational?,https://escholarship.org/uc/item/5v9538vm
Member Abstracts,Describing Causal Events: Evidence from Patients with Focal Brain Injury,https://escholarship.org/uc/item/1v0686g6
Member Abstracts,"Sex Differences in Virtual Navigation Influenced by Scale, Visual Cues, Spatial
Abilities and Lifetime Mobility",https://escholarship.org/uc/item/13n206kg
Member Abstracts,"Does Learning Magnitude Knowledge help Students Learn Procedural Knowledge
or Vice Versa?",https://escholarship.org/uc/item/990572bt
Member Abstracts,"Finger Gnosis And Symbolic Number Comparison as Robust Predictors of Adult
Numeracy",https://escholarship.org/uc/item/0fb6x3jq
Member Abstracts,"Emotionally mediated crossmodal correspondences affect classification
performance",https://escholarship.org/uc/item/7718b3rc
Member Abstracts,"Semantic, not positional distances between words affect processing difficulty for
sentences with relative clauses",https://escholarship.org/uc/item/3p82v98h
Member Abstracts,A PDP Account of Transitions in Conceptual Development,https://escholarship.org/uc/item/5f8721zf
Member Abstracts,How is the result of the categorization process represented?,https://escholarship.org/uc/item/54w8234g
Member Abstracts,Phonetic abilities of walking and crawling infants,https://escholarship.org/uc/item/6t01m9gx
Member Abstracts,Implicit learning in dynamic decision making: A glass-box approach,https://escholarship.org/uc/item/2bw3p5nw
Member Abstracts,An ERP study of syntactic anomaly processing in Mandarin sentences,https://escholarship.org/uc/item/9q482461
Member Abstracts,"Emotion and Morality: The Main Factors In Moral Judgment and Moral
Behaviour",https://escholarship.org/uc/item/09m5d7mc
Member Abstracts,"Yes, No, Maybe So: The Effect of Ambiguity, Falsification, and Confirmation on
Re-Categorization",https://escholarship.org/uc/item/19w5n86t
Member Abstracts,The Social Evolution and Communicative Function of Noun Classification,https://escholarship.org/uc/item/1b98x71z
Member Abstracts,Sensitivity to communicative norms when deceiving without lying,https://escholarship.org/uc/item/2d99g25t
Member Abstracts,Modeling the Role of Hippocampus in Extinction and Spontaneous Recovery,https://escholarship.org/uc/item/2952t59s
Member Abstracts,"Cultural consensus modeling of Tibetan Buddhist concepts in cognitive science:
Enhancing cross-cultural science education through mutual understanding",https://escholarship.org/uc/item/63r7d3nh
Member Abstracts,Influence of High and Low Groove Music on Postural Sway Dynamics,https://escholarship.org/uc/item/00t1w2fr
Member Abstracts,Asking useful questions: Active learning with rich queries,https://escholarship.org/uc/item/7404618f
Member Abstracts,"Brain activities related to target- versus trajectory-based strategies in
visually-guided movement control: A functional MRI study",https://escholarship.org/uc/item/54n9f0sf
Member Abstracts,"Accuracy and awareness of image veracity in human perceptions of manipulated
and unmanipulated images",https://escholarship.org/uc/item/555992hb
Member Abstracts,Individual Differences in Base-rate Neglect: A Computational Dual Process Model,https://escholarship.org/uc/item/9065h072
Member Abstracts,"Inference, Not Dilution in the Dilution Effect",https://escholarship.org/uc/item/3fr526kk
Member Abstracts,"Giving dyads the silent treatment: Anticipatory joint action and the need for
external action feedback",https://escholarship.org/uc/item/7ms9q3r2
Member Abstracts,"Apple, pomme, manzana: Productive vocabulary and cognitive flexibility in
bilingual preschoolers",https://escholarship.org/uc/item/5bb4v8dq
Member Abstracts,The Effect of Spatial Representations on Discounting Rates,https://escholarship.org/uc/item/4xj4r6cx
Member Abstracts,The effect of empathy on comprehension and attitude in text reading,https://escholarship.org/uc/item/7mc027fb
Member Abstracts,"Decreasing Music Familiarity Increases Incorporation of Music Themes in a
Generation Task",https://escholarship.org/uc/item/1t26z1fq
Member Abstracts,"Contextual determinants of category-based expectations during single-word
recognition",https://escholarship.org/uc/item/6fq7f0tt
Member Abstracts,Distributed Cognition in the Age of Distributed Systems,https://escholarship.org/uc/item/8jj169tr
Member Abstracts,"Alien Bacteria Found on Mars! A Model of Conceptual Change using the
Re-categorization Paradigm",https://escholarship.org/uc/item/6f0259h6
Member Abstracts,Introducing the Cognitive Systems Institute Group,https://escholarship.org/uc/item/64v9v7rq
Member Abstracts,The spiral of anxiety: a cognitive account,https://escholarship.org/uc/item/5sv2j9d0
Member Abstracts,Topological Dependence of Rate Code Stability,https://escholarship.org/uc/item/32z2b3rt
Member Abstracts,"Is the listener really listening? Exploring the effect of verbal and gestural speaker
cues on backchanneling",https://escholarship.org/uc/item/5dx9s4kv
Member Abstracts,"Learning with Concrete and Virtual
Manipulative Models: Are Models Scaffolds or Crutches?",https://escholarship.org/uc/item/0rq655zz
Member Abstracts,"Real-world implementation of Newcomb‚Äôs thought experiment, using
mouse-tracking techniques",https://escholarship.org/uc/item/1r14n95k
Member Abstracts,Activation and Rejection of Irrelevant Meaning in Simile Sentences,https://escholarship.org/uc/item/2h22r7h4
Member Abstracts,Imagine That: The Relationship between Imagery Measures and Imagery Types,https://escholarship.org/uc/item/09k1x4n7
Member Abstracts,"Does prior knowledge reveal cognitive and metacognitive processes during
learning with a hypermedia-learning system based on eye-tracking data?",https://escholarship.org/uc/item/95v7t99k
Member Abstracts,Perceptual Learning with Adaptively-triggered Comparisons,https://escholarship.org/uc/item/5s24v5k8
Member Abstracts,A Foreign Language Effect or a Language Proficiency Effect,https://escholarship.org/uc/item/3158b1g8
Member Abstracts,"Multiple Strategies in Conjunction and Disjunction Judgments: Most People are
Normative Part of the Time",https://escholarship.org/uc/item/00f0m2m3
Member Abstracts,"The differences of semantic features between Chinese concrete, abstract, and
emotional concept",https://escholarship.org/uc/item/3259n5hq
Member Abstracts,"Which Algorithms Can and Can‚Äôt Learn Identity Effects in Phonological
Grammars",https://escholarship.org/uc/item/3cg072hv
Member Abstracts,Induction with Familiar and Newly-Learned Categories in Young Children,https://escholarship.org/uc/item/9sr8b4mv
Member Abstracts,An Empirical Examination of Barrett‚Äôs Intuitive Expectation Sets,https://escholarship.org/uc/item/9bx3x3dt
Member Abstracts,"""The baking stick thing"": Automatization of co-speech gesture during lexical access",https://escholarship.org/uc/item/1tb852vz
Member Abstracts,Social network structure contributes to differences in language use,https://escholarship.org/uc/item/4r39j4zx
Member Abstracts,Investigating the Visual/Analytic Shift in Students‚Äô Knowledge in Chemistry,https://escholarship.org/uc/item/0d834642
Member Abstracts,Gricean maxims influence inductive inference with negative observations,https://escholarship.org/uc/item/6bj999gk
Member Abstracts,Interdependence of Fixations and Saccades,https://escholarship.org/uc/item/7kw3p45q
Member Abstracts,"Configural and featural face processing are modulated by spatial attention:
evidence from event-related brain potentials",https://escholarship.org/uc/item/0v65q1hg
Member Abstracts,Cross-situationalWord Learning Results in Explicit Memory Representations,https://escholarship.org/uc/item/5wr170pq
Member Abstracts,"Developing an Integrated and Comprehensive Traditional Chinese Corpus Based
on Multi-CharacterWords for Studying relations between words and lexicons",https://escholarship.org/uc/item/4527v1w6
Member Abstracts,"Getting what you Ordered: Symbolic and Non-Symbolic Ordinality as Predictors
of Exact and Approximate Calculation in Adults",https://escholarship.org/uc/item/23j828hs
Member Abstracts,"Culture, causal attributions, and development: A comparison of Chinese and U.S.
4-and 6-year-olds",https://escholarship.org/uc/item/50c2x88v
Member Abstracts,Context vs. Compositionality: How Do Context-induced Ad-hoc Affordances Interact with Semantically Stored Telic Information? -- An ERP Study,https://escholarship.org/uc/item/9757j295
Member Abstracts,Multisensory Integration Induces Body Ownership of an External Tool,https://escholarship.org/uc/item/9c05r0z4
Member Abstracts,"Semantic Processing in the Context of the PRP Paradigm: Structurally or
Strategically Bottlenecked?",https://escholarship.org/uc/item/9h5820zk
Member Abstracts,"Historical Cognition: An Investigation of Factors Affecting Reasoning about
Historical Causality",https://escholarship.org/uc/item/76f7c8qk
Member Abstracts,"Perspective Taking in Communicative Pointing: An Optimal Feedback Control
Modeling Approach",https://escholarship.org/uc/item/1615r185
Member Abstracts,"Gestures in the TV News reflect mental number space: ""Tiny"" and ""low"" numbers",https://escholarship.org/uc/item/1411j5mh
Member Abstracts,Children‚Äôs ability to infer beliefs and desires from emotional reactions,https://escholarship.org/uc/item/5tx9p6tq
Member Abstracts,A model comparison on perception of arm movements in point-light display,https://escholarship.org/uc/item/1w63n8n3
Member Abstracts,Adaptation to UnexpectedWord-Forms in Highly Predictive Sentential Contexts,https://escholarship.org/uc/item/45f5t1k9
Member Abstracts,"Neural Basis of Episodic Memory Development: Evidence from Single Nucleotide
Polymorphisms",https://escholarship.org/uc/item/5h50d10h
Member Abstracts,Do we use L1 probabilistic phonotactics in L2 listening?,https://escholarship.org/uc/item/61t4200r
Member Abstracts,"Using false belief task to explore the effect of empathy situation on Theory of Mind
function",https://escholarship.org/uc/item/40z5b79x
Member Abstracts,What senses of agency can infants have?,https://escholarship.org/uc/item/6c20f7kx
Member Abstracts,"Categorical Perception of Labeled and Unlabeled ASL Facial Expressions in
Hearing Non-signers",https://escholarship.org/uc/item/3g263886
Member Abstracts,"Capturing the relations between metacognition, self-explanation, and analogical comparison: An exploration of two methodologies",https://escholarship.org/uc/item/4wp1f57b
Member Abstracts,Learning multiple kinds of associations during cross-situational word learning,https://escholarship.org/uc/item/6nr9t8p4
Member Abstracts,"Statistical learning of auditory patterns as trajectories through a perceptually
defined similarity space",https://escholarship.org/uc/item/4v676151
Papers,Eye-tracking situated language comprehension: Immediate actor gaze versus recent action events,https://escholarship.org/uc/item/47t271kb
Papers,Effect of heaviness on the cognitive evaluation process,https://escholarship.org/uc/item/08h4w8sw
Papers,Harmonics co-occurrences bootstrap pitch and tonality perception in music: Evidence from a statistical unsupervised learning model,https://escholarship.org/uc/item/4wm9t397
Papers,Do potential past and future events activate the Lateral Mental Timeline?,https://escholarship.org/uc/item/6rx9x0qm
Papers,A Rational Model for Individual Differences in Preference Choice,https://escholarship.org/uc/item/34f2r27m
Papers,Motion event expressions in language and gesture: Evidence from Persian,https://escholarship.org/uc/item/8690j84w
Papers,Daxing with a Dax: Evidence of Productive Lexical Structures in Children,https://escholarship.org/uc/item/3q37k4nk
Papers,Visuo-Spatial Memory Processing and the Visual Impedance Effect,https://escholarship.org/uc/item/1q66c1v7
Papers,Change your Mind: Investigating the Effects of Self-Explanation in the Resolution of Misconceptions,https://escholarship.org/uc/item/2nh7f831
Papers,Go fishing! Responsibility judgments when cooperation breaks down,https://escholarship.org/uc/item/1z3552q0
Papers,"Cognition in reach: continuous statistical inference
in optimal motor planning",https://escholarship.org/uc/item/4x88b75n
Papers,Social Cues affect Grasping Hysteresis in Children with ASD,https://escholarship.org/uc/item/16b7t9qk
Papers,How Grammatical Gender Affects Perspective Taking,https://escholarship.org/uc/item/6x79h99c
Papers,Teaching Children to Attribute Second-order False Beliefs: A Training Study with Feedback,https://escholarship.org/uc/item/5zw9683d
Papers,The London Underground Diagram as an example of cognitive niche construction,https://escholarship.org/uc/item/7mx0z2jq
Papers,Adults Track Multiple Hypotheses Simultaneously duringWord Learning,https://escholarship.org/uc/item/3541c0v0
Papers,Applying Pattern-based Classification to Sequences of Gestures,https://escholarship.org/uc/item/60t855ns
Papers,Explaining Injustice in Speech: Individualistic vs. Structural Explanation,https://escholarship.org/uc/item/4vj72974
Papers,"Does Training of Cognitive and Metacognitive Regulatory Processes
Enhance Learning and Deployment of Processes with Hypermedia?",https://escholarship.org/uc/item/6xk3h318
Papers,Landmarks in motion: Unstable entities in route directions,https://escholarship.org/uc/item/6rc8b4q9
Papers,A dynamic neural field model of self-regulated eye movements during category learning,https://escholarship.org/uc/item/1t77n0fz
Papers,Moral Dynamics In Everyday Life: How Does Morality Evolve In Time?,https://escholarship.org/uc/item/4rb6k4cb
Papers,Improving Science Writing in Research Methods Classes Through Computerized Argument Diagramming,https://escholarship.org/uc/item/1b28v9cz
Papers,Not by number alone: The effect of teachers‚Äô knowledge and its value in evaluating ‚Äúsins of omission‚Äù,https://escholarship.org/uc/item/9633w301
Papers,Humans predict liquid dynamics using probabilistic simulation,https://escholarship.org/uc/item/6xc533j2
Papers,The special status of color in pragmatic reasoning: evidence from a language game,https://escholarship.org/uc/item/413278n7
Papers,"Folk Judgments of Normality: Part Statistical, Part Evaluative",https://escholarship.org/uc/item/1qt459j0
Papers,Modeling Lexical Acquisition Through Networks,https://escholarship.org/uc/item/4m12w01s
Papers,Predicting a Child's Trajectory of Lexical Acquisition,https://escholarship.org/uc/item/94h1994j
Papers,Crowdsourcing elicitation data for semantic typologies,https://escholarship.org/uc/item/3rg8v0qt
Papers,The Role of Executive Functions for Structure-Mapping in Mathematics,https://escholarship.org/uc/item/02j5t4pf
Papers,A model-based theory of omissive causation,https://escholarship.org/uc/item/5b35z6h4
Papers,A model for full local image interpretation,https://escholarship.org/uc/item/6048c2sq
Papers,Extremely costly intensifiers are stronger than quite costly ones,https://escholarship.org/uc/item/2j02f2x2
Papers,The Power of the Representativeness Heuristic,https://escholarship.org/uc/item/89z2n1bm
Papers,Constraint-Based Parsing with Distributed Representations,https://escholarship.org/uc/item/5rj6w6p9
Papers,Incorporating Background Knowledge into Text Classification,https://escholarship.org/uc/item/2j23p7jn
Papers,Phonological Neighborhood Density Modulates Errors In Spoken Word Recognition,https://escholarship.org/uc/item/3kj1t154
Papers,Developmental Changes in the Relationship Between Grammar and the Lexicon,https://escholarship.org/uc/item/6vz9t5qx
Papers,Staying afloat on Neurath‚Äôs boat ‚Äì Heuristics for sequential causal learning,https://escholarship.org/uc/item/7qn1b9c3
Papers,The Effect of Probability Anchors on Moral Decision Making,https://escholarship.org/uc/item/9pv9k4bc
Papers,"Hybrid-Logical Reasoning in the Smarties and Sally-Anne Tasks:
What Goes Wrong When Incorrect Responses are Given?",https://escholarship.org/uc/item/3c19481w
Papers,Incremental Object Perception in an Attention-Driven Cognitive Architecture,https://escholarship.org/uc/item/0sx081tw
Papers,Minimal Requirements for Productive Compositional Signaling,https://escholarship.org/uc/item/58d0q4nb
Papers,Formalizing Risky Choice with a Logistic Model of Fuzzy Trace Theory,https://escholarship.org/uc/item/8xk45809
Papers,"Neural Correlates of Purchasing Behavior in the Prefrontal Cortex: An Optical
Brain Imaging Study",https://escholarship.org/uc/item/4wh41285
Papers,Language evolution in the lab tends toward informative communication,https://escholarship.org/uc/item/9rf1f631
Papers,Effectiveness of Learner-Regulated Study Sequence: An in-vivo study in Introductory Psychology courses,https://escholarship.org/uc/item/2v7978t4
Papers,The perception of stroke-to-stroke turn boundaries in signed conversation,https://escholarship.org/uc/item/192318fb
Papers,Eye Movement Pattern in Face Recognition is Associated with Cognitive Decline in the Elderly,https://escholarship.org/uc/item/30q0434t
Papers,"Eye to I: Males Recognize Own Eye Movements, Females Inhibit Recognition",https://escholarship.org/uc/item/0dj9f38j
Papers,Chunking in Working Memory and its Relationship to Intelligence,https://escholarship.org/uc/item/20n978zw
Papers,"Learning and Generalizing Cross-Category Relations
Using Hierarchical Distributed Representations",https://escholarship.org/uc/item/6mq913zs
Papers,"Analyzing chunk pauses to measure mathematical competence:
Copying equations using ‚Äòcentre-click‚Äô interaction",https://escholarship.org/uc/item/4cv0p9qw
Papers,"Statements of equivalence can imply differences:
Asymmetries in directional comparisons",https://escholarship.org/uc/item/6943r3ft
Papers,"Probing the mental number line:
A between-task analysis of spatial-numerical associations",https://escholarship.org/uc/item/21x007h9
Papers,"Complex Mental Addition and Multiplication Rely More on Visuospatial than
Verbal Processing",https://escholarship.org/uc/item/6md5f10c
Papers,Algebraic reasoning in 3- to 5-year-olds,https://escholarship.org/uc/item/8c5596p4
Papers,Promoting Comprehension of Health Information among Older Adults,https://escholarship.org/uc/item/447314dq
Papers,Diagrams Benefit Symbolic Problem Solving,https://escholarship.org/uc/item/4x00101v
Papers,"The Role of Certainty and Time Delay in Students‚Äô Cheating Decisions during
Online Testing",https://escholarship.org/uc/item/59s721s0
Papers,"Hidden Markov model analysis reveals better eye movement strategies in face
recognition",https://escholarship.org/uc/item/54t0b5zp
Papers,"Expertise modulates hemispheric asymmetry in holistic processing: Evidence from
Chinese character processing",https://escholarship.org/uc/item/5rg9n52d
Papers,"Incidental Memory for Naturalistic Scenes: Exposure, Semantics, and Encoding",https://escholarship.org/uc/item/9dx3m2s3
Papers,"Are Biases When Making Causal Interventions Related to
Biases in Belief Updating?",https://escholarship.org/uc/item/5df742nf
Papers,That went over my head: Constraints on the visual vocabulary of comics,https://escholarship.org/uc/item/2522m63g
Papers,"The Bi-directional Relationship Between Source Characteristics and Message
Content",https://escholarship.org/uc/item/0kj267q0
Papers,"Why Build a Virtual Brain?
Large-scale Neural Simulations as Test-bed for Artificial Computing Systems",https://escholarship.org/uc/item/8hb8v8xh
Papers,A Dissociation between Categorization and Similarity to Exemplars,https://escholarship.org/uc/item/7qv0k2zj
Papers,"More than Meets the Eye: Gesture Changes Thought, even without Visual Feedback",https://escholarship.org/uc/item/0kc1s4jp
Papers,What is Lost in Translation from Visual Graphics to Text for Accessibility,https://escholarship.org/uc/item/44d7g3ks
Papers,"Reading Words Hurts:
The impact of pain sensitivity on people‚Äôs ratings of pain-related words",https://escholarship.org/uc/item/6387f8j0
Papers,"Gesture Production under Instructional Context:
The Role of Mode of Instruction",https://escholarship.org/uc/item/5nz1c85x
Papers,Time Course of Metaphor Comprehension in the Visual World,https://escholarship.org/uc/item/5t60g8z7
Papers,A Dynamic Approach to Secondary Processes in Associative Recognition,https://escholarship.org/uc/item/4j4218vd
Papers,Children's early perceptual and late-emerging social sensitivity to accented speech,https://escholarship.org/uc/item/19v7z5v8
Papers,"Odor naming is difficult, even for wine and coffee experts",https://escholarship.org/uc/item/65d3d36k
Papers,The Effects of Racial Similarity and Dissimilarity on the Joint Simon Task,https://escholarship.org/uc/item/0887p0vr
Papers,"Embodied cognition and passive processing: What hand-tracking tells us about
syntactic processing in L1 and L2 speakers of English",https://escholarship.org/uc/item/9h87j3t1
Papers,"A Bayesian Latent Mixture Approach to Modeling Individual Differences
in Categorization Using General Recognition Theory",https://escholarship.org/uc/item/16d5b6f6
Papers,Neural Effects of Childhood Language Deprivation on Picture Processing: Insights from Adolescent First-Language Learners,https://escholarship.org/uc/item/6511s21b
Papers,The suggestible nature of apparent motion perception,https://escholarship.org/uc/item/8kr1d41p
Papers,Evidence for widespread thematic structure in the mental lexicon,https://escholarship.org/uc/item/2q99m33t
Papers,"Behaviorist Thinking in Judgments of Wrongness, Punishment, and Blame",https://escholarship.org/uc/item/9bg708v3
Papers,"Memory constraints affect statistical learning;
statistical learning affects memory constraints",https://escholarship.org/uc/item/5wm2t4q9
Papers,"Using a Task-Filled Delay During Discrimination Trials to Examine Different
Components of Learned Visual Categorical Perception",https://escholarship.org/uc/item/0qz7v28d
Papers,"Savvy software agents can encourage the use of
second-order theory of mind by negotiators",https://escholarship.org/uc/item/2nx2w4ks
Papers,Wonky worlds: Listeners revise world knowledge when utterances are odd,https://escholarship.org/uc/item/9wn4w9zk
Papers,“Jack is a True Scientist”: On the Content of Dual Character Concepts,https://escholarship.org/uc/item/5c20g816
Papers,Modeling Relational Priming and Multiplicative Reasoning with Rational Numbers,https://escholarship.org/uc/item/63s5d8sn
Papers,"Implicit Understanding of Arithmetic with Rational Numbers:
The Impact of Expertise",https://escholarship.org/uc/item/7h13w9h0
Papers,The Sound of Valence: Phonological Features Predict Word Meaning,https://escholarship.org/uc/item/7m2985d8
Papers,Learning to reason about desires: An infant training study,https://escholarship.org/uc/item/8xt657ph
Papers,"When high pitches sound low:
Children‚Äôs acquisition of space-pitch metaphors",https://escholarship.org/uc/item/1v08v2x9
Papers,"Connecting rule-abstraction and model-based choice
across disparate learning tasks",https://escholarship.org/uc/item/64m1k8vk
Papers,Examining the Bilingual Advantage on Conflict Resolution Tasks: A Meta-Analysis,https://escholarship.org/uc/item/4xt334v9
Papers,"Sound-Symbolism is Disrupted in Dyslexia: Implications for the Role of
Cross-Modal Abstraction Processes",https://escholarship.org/uc/item/4gw395g0
Papers,Tracking the Response Dynamics of Implicit Partisan Biases,https://escholarship.org/uc/item/8rt5785h
Papers,Explaining Choice Behavior: The Intentional Selection Assumption,https://escholarship.org/uc/item/44h7854j
Papers,"Pathways of Conceptual Change: Investigating the Influence of Experimentation
Skills on Conceptual Knowledge Development in Early Science Education",https://escholarship.org/uc/item/64f8q0ww
Papers,When Less Can Be More: Dual Task Effects on Speech Fluency,https://escholarship.org/uc/item/8kn51436
Papers,"Behavioral Dynamics of a Collision Avoidance Task:
How Asymmetry Stabilizes Performance",https://escholarship.org/uc/item/7sg7c4s4
Papers,Making Moves: How Sex and Race are Detected from Biological Motion,https://escholarship.org/uc/item/7pv5720m
Papers,Navigation with Learned Spatial Affordances,https://escholarship.org/uc/item/13s0r6rm
Papers,Common object representations for visual recognition and production,https://escholarship.org/uc/item/14n7j9hn
Papers,A computational model of bilingual semantic convergence,https://escholarship.org/uc/item/0xm254gt
Papers,Matching artificial agents’ and users’ personalities: designing agents with regulatory-focus and testing the regulatory fit effect,https://escholarship.org/uc/item/40q134w8
Papers,"Conflict Sensitivity and the Conjunction Fallacy: Eye-tracking Evidence for
Logical Intuitions in Conjunction Probability Judgments",https://escholarship.org/uc/item/4gh0w9z8
Papers,"Production is biased to provide informative cues early: Evidence from miniature
artificial languages",https://escholarship.org/uc/item/3xt2s4gt
Papers,Music familiarity modulates mind wandering during lexical processing,https://escholarship.org/uc/item/5hv3n49c
Papers,"Temporal Binding and Internal Clocks:
Is Clock Slowing General or Specific?",https://escholarship.org/uc/item/28x2w6wm
Papers,Visual abstract rule learning by 3- and 4-month-old infants,https://escholarship.org/uc/item/1bp8h7z9
Papers,Learning Exceptions in Phonological Alternations,https://escholarship.org/uc/item/5p94x4r8
Papers,Frequency Effects in Morpheme Segmentation,https://escholarship.org/uc/item/1944b4rm
Papers,ACT-R and LBA Model Mimicry Reveals Similarity Across Modeling Formalisms,https://escholarship.org/uc/item/9qr5t4f5
Papers,How Physical Interaction Helps Performance in a Scrabble-like Task,https://escholarship.org/uc/item/9jw1v5ft
Papers,Framing Effects and the Folk Psychiatry of Addiction,https://escholarship.org/uc/item/8xb395j3
Papers,"Visual-motor coordination in natural reaching of young children and
adults",https://escholarship.org/uc/item/47p6s0mw
Papers,"Cumulative Contextual Facilitation inWord Activation and Processing:
Evidence from Distributional Modelling",https://escholarship.org/uc/item/1r4167ns
Papers,"Turn, Turn, Turn:
Perceiving Global and Local, Clockwise and Counterclockwise Rotations",https://escholarship.org/uc/item/7bj799z3
Papers,"Defaulting effects contribute to the simulation of cross-linguistic
differences in Optional Infinitive errors",https://escholarship.org/uc/item/6n01f8z4
Papers,"Physiological entrainment and behavioral coordination in a collective, creative
construction task",https://escholarship.org/uc/item/1d49m1zk
Papers,Cross-Domain Influences on Creative Innovation: Preliminary Investigations,https://escholarship.org/uc/item/3304d5nc
Papers,The Role of Prosody and Gaze in Turn-End Anticipation,https://escholarship.org/uc/item/1b58b72k
Papers,Defeasible Reasoning with Quantifiers,https://escholarship.org/uc/item/2904x296
Papers,Phrase similarity in humans and machines,https://escholarship.org/uc/item/6zg6r1mv
Papers,"How, whether, why: Causal judgments as counterfactual contrasts",https://escholarship.org/uc/item/74b7k69g
Papers,Responsibility judgments in voting scenarios,https://escholarship.org/uc/item/9gk6m214
Papers,What causes category-shifting in human semi-supervised learning,https://escholarship.org/uc/item/9h30q7w9
Papers,Mental states are more important in evaluating moral than conventional violations,https://escholarship.org/uc/item/8kv8g8hx
Papers,The Effect of Disrupted Attention on Encoding in Young Children,https://escholarship.org/uc/item/1nh6n4c9
Papers,A Spiking Neural Model of the n-Back Task,https://escholarship.org/uc/item/73r5d4xq
Papers,"Robustness of semantic encoding effects in a transfer task for multiple-strategy
arithmetic problems",https://escholarship.org/uc/item/2ns9r1gd
Papers,"A Hierarchical Cognitive Threshold Model of Human Decision Making on
Different Length Optimal Stopping Problems",https://escholarship.org/uc/item/92q639js
Papers,The Influence of Language on Memory for Object Location,https://escholarship.org/uc/item/1cx747mv
Papers,A Dual-process Model of Framing Effects in Risky Choice,https://escholarship.org/uc/item/2735g94s
Papers,"Interactivity, Expertise and Individual Differences
in Mental Arithmetic",https://escholarship.org/uc/item/5tc9n4r9
Papers,"Knowing what he could have shown: The role of alternatives in children‚Äôs
evaluation of under-informative teachers",https://escholarship.org/uc/item/59n5z8fv
Papers,"How do adults reason about their opponent?
Typologies of players in a turn-taking game",https://escholarship.org/uc/item/2s4208nc
Papers,Finding the return path: allo- versus egocentric perspective,https://escholarship.org/uc/item/9835h6hb
Papers,"Think again?
The amount of mental simulation tracks uncertainty in the outcome",https://escholarship.org/uc/item/5px8949q
Papers,"Making Sense of Time-Series Data: How Language Can Help Identify
Long-Term Trends",https://escholarship.org/uc/item/1j5461g2
Papers,Why do you ask? Good questions provoke informative answers,https://escholarship.org/uc/item/4423w5kp
Papers,So good it has to be true: Wishful thinking in theory of mind,https://escholarship.org/uc/item/8bq9d0nh
Papers,"Why do people fail to consider alternative hypotheses in judgments under
uncertainty?",https://escholarship.org/uc/item/6fh7z04d
Papers,Inferring the Tsimane's use of color categories from recognition memory,https://escholarship.org/uc/item/75w4z248
Papers,New space-time metaphors foster new mental representations of time,https://escholarship.org/uc/item/68j0b15c
Papers,Quantifying the time course of similarity,https://escholarship.org/uc/item/0189t2td
Papers,A Computational Model of MindWandering,https://escholarship.org/uc/item/31g374jk
Papers,Teaching with Rewards and Punishments: Reinforcement or Communication?,https://escholarship.org/uc/item/90k992w4
Papers,Sources of developmental change in pragmatic inferences about scalar terms,https://escholarship.org/uc/item/2xm9x7bq
Papers,Exploring Individual Differences via Clustering Capacity Coefficient Functions,https://escholarship.org/uc/item/6cc055b2
Papers,Ideas in Dialogue: The Effects of Interaction on Creative Problem Solving,https://escholarship.org/uc/item/4sx8281v
Papers,Analogical comparison aids false belief understanding in preschoolers,https://escholarship.org/uc/item/8mx6r7f3
Papers,Preschoolers' and Chimpanzees' Use of Source Reliability on Action-Based Tasks,https://escholarship.org/uc/item/6950r5gk
Papers,Can Children Balance the Size of a Majority with the Quality of their Information?,https://escholarship.org/uc/item/7gd8h742
Papers,A Resource-Rational Approach to the Causal Frame Problem,https://escholarship.org/uc/item/6m88d9vq
Papers,"Beliefs about desires: Children‚Äôs understanding of how knowledge and preference
influence choice.",https://escholarship.org/uc/item/9v42v7w3
Papers,The naïve utility calculus: Joint inferences about the costs and rewards of actions,https://escholarship.org/uc/item/03z0r60b
Papers,Task-General Object Similarity Processes,https://escholarship.org/uc/item/6gs2578r
Papers,The Standard Theory of Conscious Perception,https://escholarship.org/uc/item/12v3t47x
Papers,Consumer Mere Newness Bias,https://escholarship.org/uc/item/3rx596f0
Papers,"Similarity and Variation in the Distribution of Spatial Expressions
Across Three Languages",https://escholarship.org/uc/item/9f27c4bg
Papers,Predictions from Uncertain Beliefs,https://escholarship.org/uc/item/9dt917xm
Papers,Belief Utility as an Explanatory Virtue,https://escholarship.org/uc/item/0m7741jd
Papers,"Argument Scope in Inductive Reasoning:
Evidence for an Abductive Account of Induction",https://escholarship.org/uc/item/3443455h
Papers,"Probabilistic Versus Heuristic Accounts of Explanation in Children:
Evidence from a Latent Scope Bias",https://escholarship.org/uc/item/51d3f1f4
Papers,Organizing Metacognitive Tutoring Around Functional Roles of Teachers,https://escholarship.org/uc/item/4gq1f0rs
Papers,"Analyzing the Predictability of Lexeme-specific Prosodic Features as a Cue to
Sentence Prominence",https://escholarship.org/uc/item/96k818pk
Papers,Young Children' Understanding of the Successor Function,https://escholarship.org/uc/item/7bd4k4ct
Papers,Let's talk (ironically) about the weather: Modeling verbal irony,https://escholarship.org/uc/item/6pp9986m
Papers,What is the Role of Conceptual Analysis in Cognitive Science?,https://escholarship.org/uc/item/0t69w0wq
Papers,Pronominal Reference and Pragmatic Enrichment: A Bayesian Account,https://escholarship.org/uc/item/9cj2g2mr
Papers,Resolving Rogers' Paradox with Specialized Hybrid Learners,https://escholarship.org/uc/item/1c82z2jx
Papers,Causal relations from kinematic simulations,https://escholarship.org/uc/item/5ns5j96r
Papers,Development of Numerosity Estimation: A Linear to Logarithmic Shift?,https://escholarship.org/uc/item/7pk9p7fx
Papers,The number of times a motion repeats influences sentence processing,https://escholarship.org/uc/item/79k1b3gh
Papers,Effects of Emotional Prosody and Attention on Semantic Priming,https://escholarship.org/uc/item/3zq3s226
Papers,Comparison and Function in Children‚Äôs Object Categorization,https://escholarship.org/uc/item/7d32w9s8
Papers,Voice-specific effects in semantic association,https://escholarship.org/uc/item/4v07k1k7
Papers,When Do Nonspecific Goals Help Learning? An Issue of Model Quality,https://escholarship.org/uc/item/38w8c2vx
Papers,Inference of Intention and Permissibility in Moral Decision Making,https://escholarship.org/uc/item/7wq4b79n
Papers,Supervised and unsupervised learning in phonetic adaptation,https://escholarship.org/uc/item/76m996tt
Papers,2-year-olds use syntax to infer actor intentions in a rational-action paradigm,https://escholarship.org/uc/item/0f53h1v3
Papers,"Scene Inversion Slows the Rejection of False Positives through Saccade Exploration
During Search",https://escholarship.org/uc/item/1g83m1xn
Papers,Expertise in Cognitive Task Analysis Interviews,https://escholarship.org/uc/item/2vh8x287
Papers,"On the interplay between spontaneous spoken instructions and human visual
behaviour in an indoor guidance task",https://escholarship.org/uc/item/81v3r1p2
Papers,"Investigating Ways of Interpretations of Artificial Subtle Expressions
Among Different Languages: A Case of Comparison Among Japanese, German,
Portuguese and Mandarin Chinese",https://escholarship.org/uc/item/6t81n3r5
Papers,The better part of not knowing: Virtuous ignorance,https://escholarship.org/uc/item/8232v65n
Papers,Hierarchical Reasoning with Distributed Vector Representations,https://escholarship.org/uc/item/47s3m5h0
Papers,"Exploring Complexity in Decisions from Experience: Same Minds, Same Strategy",https://escholarship.org/uc/item/05x063f2
Papers,"Language and Gesture Descriptions Affect Memory:
A Nonverbal Overshadowing Effect",https://escholarship.org/uc/item/23k932nb
Papers,"Can You Repeat That?
The Effect of Item Repetition on Interleaved and Blocked Study",https://escholarship.org/uc/item/864370qv
Papers,Can Modern Neuroscience Change Our Idea of the Human?,https://escholarship.org/uc/item/99r800z9
Papers,Emergent Collective Sensing in Human Groups,https://escholarship.org/uc/item/0c03h134
Papers,Semantically underinformative utterances trigger pragmatic inferences,https://escholarship.org/uc/item/3f48n0tr
Papers,"Animation Facilitates Source Understanding
and Spontaneous Analogical Transfer",https://escholarship.org/uc/item/8hx4g6qg
Papers,A diffusion model account of the transfer-of-training effect,https://escholarship.org/uc/item/49z012s9
Papers,Computational evolution of decision-making strategies,https://escholarship.org/uc/item/4421031m
Papers,The fan effect in overlapping data sets and logical inference,https://escholarship.org/uc/item/2xk4r8cs
Papers,The learnability of Auditory Center-embedded Recursion,https://escholarship.org/uc/item/7kc5w5xm
Papers,Deep Neural Networks Predict Category Typicality Ratings for Images,https://escholarship.org/uc/item/4mv9c98f
Papers,"More than true: Developmental changes in use of the inductive strength
for selective trust",https://escholarship.org/uc/item/0mb9s75q
Papers,Assessing Claims of Metaphorical Salience Through Corpus Data,https://escholarship.org/uc/item/5bb08168
Papers,"Semantic Alignment of Fractions and Decimals with Discrete
Versus Continuous Entities: A Cross-national Comparison",https://escholarship.org/uc/item/9ks2d0mv
Papers,The Roles of Knowledge and Memory in Generating Top-10 Lists,https://escholarship.org/uc/item/4zg2q8tf
Papers,"Convincing people of the Monty Hall Dilemma answer:
The impact of solution type and individual differences",https://escholarship.org/uc/item/2gq1h108
Papers,Independent Recognition of Numerosity Requires Attention,https://escholarship.org/uc/item/4t81484s
Papers,Measuring Time Gestures with the Microsoft Kinect,https://escholarship.org/uc/item/8gc886gt
Papers,If at First You Don't Succeed: The Role of Evidence in Preschoolers' and Infants' Persistence.,https://escholarship.org/uc/item/79v75857
Papers,"VisualWorking Memory as Decision Making:
Compensation for Memory Uncertainty in Reach Planning",https://escholarship.org/uc/item/72v9s1v8
Papers,"The reliability of testimony and perception: connecting epistemology and
linguistic evidentiality",https://escholarship.org/uc/item/59w6z399
Papers,Linguistic input overrides conceptual biases: When goals don't matter,https://escholarship.org/uc/item/3hj493bj
Papers,"Word order in a grammarless language: A ‚Äòsmall-data‚Äô information-theoretic
approach",https://escholarship.org/uc/item/1x10c3nj
Papers,Constructional paradigms affect visual lexical decision latencies in English,https://escholarship.org/uc/item/1th0w6t8
Papers,"The Smell of Jazz: Crossmodal Correspondences Between Music, Odor, and
Emotion",https://escholarship.org/uc/item/1hb8c91r
Papers,Structured priors in visual working memory revealed through iterated learning,https://escholarship.org/uc/item/8p7887dz
Papers,Conceptual complexity and the evolution of the lexicon,https://escholarship.org/uc/item/0s20w8hz
Papers,"Music Reading Expertise Modulates Hemispheric Lateralization in
English Word Processing but not in Chinese Character Processing",https://escholarship.org/uc/item/5w475574
Papers,Constraints on Learning Non-Adjacent Dependencies (NADs) of Visual Stimuli,https://escholarship.org/uc/item/1b75k23m
Papers,Evaluating Human Cognition of Containing Relations with Physical Simulation,https://escholarship.org/uc/item/1c03t43q
Papers,When to use which heuristic: A rational solution to the strategy selection problem,https://escholarship.org/uc/item/9497r96p
Papers,Children and adults differ in their strategies for social learning,https://escholarship.org/uc/item/7pj7q12z
Papers,"The Exemplar Confusion Model:
An Account of Biased Probability Estimates in Decisions from Description",https://escholarship.org/uc/item/2qp20480
Papers,"Stepping up to the Blackboard: Distributed Cognition in Doctor-Patient
Interactions",https://escholarship.org/uc/item/4wd8d2rf
Papers,Creating a New Communication System: Gesture has the Upper Hand,https://escholarship.org/uc/item/8q78w6j0
Papers,Linguistic Modality Affects the Creation of Structure and Iconicity in Signals,https://escholarship.org/uc/item/84q5m77d
Papers,"Can experience with different types of writing system modulate holistic processing
in speech perception?",https://escholarship.org/uc/item/5kn385gp
Papers,"Symbolic Integration, Not Symbolic Estrangement, For Double-Digit Numbers",https://escholarship.org/uc/item/44b8c8vw
Papers,Action-Oriented Representations in the Motor Control,https://escholarship.org/uc/item/2bd4p68m
Papers,Tracking Relations: The Effects of Visual Attention on Relational Recognition,https://escholarship.org/uc/item/6mm5d5t3
Papers,Piece of Mind: Long-Term Memory Structure in ACT-R and CHREST,https://escholarship.org/uc/item/6105r91v
Papers,Time after Time in Words: Chronology through Language Statistics,https://escholarship.org/uc/item/9q53z0md
Papers,"Partitioning the Firing Patterns of Spike Trains by
Community Modularity",https://escholarship.org/uc/item/0v86d6c8
Papers,"Exploring the Concept of Utility: Are Separate Value Functions required for Risky
and Inter-temporal Choice?",https://escholarship.org/uc/item/00x4w0rm
Papers,"Response Time Variability in an Inhibitory Control Task Reflects Statistical
Learning and Adaptive Decision-Making",https://escholarship.org/uc/item/1qt4p6fz
Papers,"Referential cues modulate attention and memory
during cross-situational word learning",https://escholarship.org/uc/item/5rx7w4kb
Papers,Memory Strategically Encodes Externally Unavailable Information,https://escholarship.org/uc/item/8545d92j
Papers,"Evaluating contingencies by a dual system of learning the structure and the
parameters of the environment",https://escholarship.org/uc/item/6cz7j27b
Papers,Modelling Political Source Credibility of Election Candidates in the USA,https://escholarship.org/uc/item/4pk1c6pv
Papers,Investigation on Using 3D Printed Liver during Surgery,https://escholarship.org/uc/item/8n162459
Papers,Quit while you're ahead: Preschoolers' persistence and willingness to accept challenges are affected by social comparison,https://escholarship.org/uc/item/7g86b04m
Papers,"Ignorance-Based Chance Discovery
Beyond Dark Events",https://escholarship.org/uc/item/1wp2h0hv
Papers,Universals on Natural Language Determiners from a PAC-learnability Perspective,https://escholarship.org/uc/item/9zm4b6t5
Papers,Explaining the Number Hierarchy,https://escholarship.org/uc/item/5917s4b8
Papers,The mental number-line spreads by gestural contagion,https://escholarship.org/uc/item/75q3g0s4
Papers,"Modeling choice and search in decisions from experience: A sequential sampling
approach",https://escholarship.org/uc/item/7qr6z93q
Papers,"Both Symbolic and Embodied Representations Contribute to Spatial Language
Processing; Evidence from Younger and Older Adults",https://escholarship.org/uc/item/1dx2d4wn
Papers,Intellectualism and Psychology,https://escholarship.org/uc/item/7vc453gv
Papers,Naïve Beliefs About Intervening on Causes and Symptoms in the Health Domain,https://escholarship.org/uc/item/3zr9s8m7
Papers,"Priming bicultural bilingual Latino-Americans as Latino or American modulates
access to the Spanish and English meaning of interlingual homographs",https://escholarship.org/uc/item/5d09c0kc
Papers,"Illusory inferences: disjunctions, indefinites, and the erotetic theory of reasoning",https://escholarship.org/uc/item/1ft528sw
Papers,"Distributional determinants of learning argument structure constructions
in first and second language",https://escholarship.org/uc/item/2dz3n8kv
Papers,Individual Differences in Chunking Ability Predict On-line Sentence Processing,https://escholarship.org/uc/item/3v46m31n
Papers,"During category learning, top-down and bottom-up processes
battle for control of the eyes",https://escholarship.org/uc/item/2r73w3f6
Papers,Sound to Meaning Mappings in the Bouba-Kiki Effect,https://escholarship.org/uc/item/3s632891
Papers,An Integrated Account of Explanation and Question Answering,https://escholarship.org/uc/item/00f569fw
Papers,Reasoning About Diverse Evidence in Preference Predictions,https://escholarship.org/uc/item/1s734738
Papers,A Bayesian Framework for LearningWords From Multiword Utterances,https://escholarship.org/uc/item/0wk7n803
Papers,"A latent-mixture quantum probability model of causal reasoning within a Bayesian
inference framework",https://escholarship.org/uc/item/6431d4vd
Papers,"Reconstructing the Bayesian Adaptive Toolbox: Challenges of a dynamic
environment and partial information acquisition",https://escholarship.org/uc/item/34m2d2n6
Papers,The Role of Outcome Divergence in Goal-Directed Choice,https://escholarship.org/uc/item/2pw4g8p8
Papers,Towards semantically rich and recursive word learning models,https://escholarship.org/uc/item/7mk082t2
Papers,The perceptual foundation of linguistic context,https://escholarship.org/uc/item/464856tb
Papers,Personal Change and the Continuity of Identity,https://escholarship.org/uc/item/5j19n8kg
Papers,An ACT-R Model of the Choose-Short Effect in Time and Length,https://escholarship.org/uc/item/9674b6nk
Papers,The Antecedents of Moments of Learning,https://escholarship.org/uc/item/4pn4t2f3
Papers,Cognitive Factors and Representation Strategies in Sketching Math Diagrams,https://escholarship.org/uc/item/6xh496h9
Papers,What the Baldwin Effect affects,https://escholarship.org/uc/item/9hg7m32w
Papers,"Modeling idiosyncratic preferences: How generative knowledge and expression
frequency jointly determine language structure",https://escholarship.org/uc/item/7rm1r6jh
Papers,"Syntactic Alignment is an Index of A?ective Alignment:
An Information-Theoretical Study of Natural Dialogue",https://escholarship.org/uc/item/80h571x9
Papers,Does the Frequency of Pedagogical Agent Intervention Relate to Learners' Self- Reported Boredom while using Multiagent Intelligent Tutoring Systems?,https://escholarship.org/uc/item/9z7170zz
Papers,A Non-monotonic Extension of Universal Moral Grammar Theory,https://escholarship.org/uc/item/7ds2w3mm
Papers,"The Effect of Facial Emotion and Action Depiction on Situated Language
Processing",https://escholarship.org/uc/item/5j6095zk
Papers,"Beyond Magnitude:
How Math Expertise Guides Number Representation",https://escholarship.org/uc/item/8w25312d
Papers,"Influence of Excitation/Inhibition Imbalance on Local Processing Bias in
Autism Spectrum Disorder",https://escholarship.org/uc/item/0tj1p2gb
Papers,"Mediators or Alternative Explanations:
Transitivity in Human-Mediated Causal Chains",https://escholarship.org/uc/item/2mf7m8wh
Papers,"Effect is sure, but explanation is unsure:
Closer investigation of the foreign language effect with Japanese participants",https://escholarship.org/uc/item/2ft6673h
Papers,"Investigating Strategy Discovery and Coordination in a Novel Virtual Sheep
Herding Game among Dyads",https://escholarship.org/uc/item/7bn4m5nw
Papers,The Cognitive and Mathematical Profiles of Children in Early Elementary School,https://escholarship.org/uc/item/5n70n30t
Papers,"The Past and Future are in Your Hands:
How Gestures Affect Our Understanding of Temporal Concepts",https://escholarship.org/uc/item/2xn8263t
Papers,Children‚Äôs Trust in Technological and Human Informants,https://escholarship.org/uc/item/4rq1r8t6
Papers,"The SymbolicWorking Memory:
memory accommodations for schematic processing of symbolic information",https://escholarship.org/uc/item/7rn9h7b1
Papers,"Schematic Processing inWorking Memory Tasks
Relies on Learning and Long-Term Memory Resources",https://escholarship.org/uc/item/5cd7h4kt
Papers,The pragmatics of negation across contexts,https://escholarship.org/uc/item/401783vw
Papers,Implementation of selective attention in sequential word production,https://escholarship.org/uc/item/5hk078mx
Papers,Response Dominance Predicts Garden-Path Comprehension: An ERP Study,https://escholarship.org/uc/item/3sf8f66n
Papers,"Support for a Deliberative Failure Account of Base-Rate Neglect: Prompting
Deliberation Increases Base-Rate use",https://escholarship.org/uc/item/638103cp
Papers,Agency concepts across cultures: How intuitive is folkpsychology?,https://escholarship.org/uc/item/97r007bg
Papers,A Comparison of Small Crowd Selection Methods,https://escholarship.org/uc/item/4jq993h3
Papers,Near-misses sting even when they are uncontrollable,https://escholarship.org/uc/item/99x3m02n
Papers,Is statistical learning trainable?,https://escholarship.org/uc/item/93z978wt
Papers,Causal reasoning in a prediction task with hidden causes,https://escholarship.org/uc/item/6209t575
Papers,"Getting From Here to There! : Testing the Effectiveness of an
Interactive Mathematics Intervention Embedding Perceptual Learning",https://escholarship.org/uc/item/4wj428kw
Papers,"You're special, but it doesn't matter if you're a greenhorn: Social recommender strategies for mere mortals",https://escholarship.org/uc/item/7gm7k27n
Papers,Upsetting the contingency table: Causal induction over sequences of point events,https://escholarship.org/uc/item/0cr5s8z1
Papers,Assessing a Bayesian account of human gaze perception,https://escholarship.org/uc/item/47183255
Papers,How Sharing Contexts Influence Purchase Amounts: The Case of Food Choices,https://escholarship.org/uc/item/2f21z0hs
Papers,Memory distortions resulting from a choice blindness task,https://escholarship.org/uc/item/0vr4s1f2
Papers,Active learning as a means to distinguish among prominent decision strategies,https://escholarship.org/uc/item/8gn987jf
Papers,Young Children‚Äôs Self-Directed Information Gathering on Touchscreens,https://escholarship.org/uc/item/5vt5g724
Papers,Learning mode and comparison in relational category learning,https://escholarship.org/uc/item/52q2v3pk
Papers,"Communicative Efficiency and Miscommunication: The Costs and Benefits of
Variable Language Production",https://escholarship.org/uc/item/9kp2r9z9
Papers,"Congenitally Deaf Children Generate Iconic Vocalizations to Communicate
Magnitude",https://escholarship.org/uc/item/1g76m05r
Papers,Iconicity in English Vocabulary and its Relation to Toddlers' Word Learning,https://escholarship.org/uc/item/6536w0w1
Papers,"Anticipatory and Locally Coherent Lexical Activation Varies as a Function of
Language Proficiency",https://escholarship.org/uc/item/1pf4g78m
Papers,Wayfinding and restructuring in a novel city: an insight problem solving task,https://escholarship.org/uc/item/8g9867hw
Papers,"Cognitive architecture and second-order systematicity: categorical
compositionality and a (co)recursion model of systematic learning",https://escholarship.org/uc/item/2g25n2dg
Papers,Computational principles underlying people‚Äôs behavior explanations,https://escholarship.org/uc/item/5pc3r77v
Papers,"Speaker-specific generalization of pragmatic inferences based on prenominal
adjectives",https://escholarship.org/uc/item/4nt0m2z9
Papers,Flexible Use of Phonological and Visual Memory in Language-mediated Visual Search,https://escholarship.org/uc/item/5kc5r7bg
Papers,Mathematical Model of Developmental Changes in Number Cognition,https://escholarship.org/uc/item/5zv3m5kx
Papers,"Shifting Covert Attention to Spatially Indexed Locations Increases Retrieval
Performance of Verbal Information",https://escholarship.org/uc/item/29n3t8n0
Papers,Attacker and Defender Counting Approach for Abstract Argumentation,https://escholarship.org/uc/item/0r80h6vf
Papers,Learning Additive and Substitutive Features,https://escholarship.org/uc/item/44n5b28f
Papers,"Why Do Readers Answer Questions Incorrectly
After Reading Garden-path Sentences?",https://escholarship.org/uc/item/0j78g2bj
Papers,Lateral Inhibition Overcomes Limits of Temporal Difference Learning,https://escholarship.org/uc/item/2zj747vd
Papers,"Preferred Inferences in Causal Relational Reasoning:
Counting Model Operations",https://escholarship.org/uc/item/2jv8f9tp
Papers,"Generating Hyperdimensional Distributed Representations from Continuous-
Valued Multivariate Sensory Input",https://escholarship.org/uc/item/3db1b0x6
Papers,Cross-situational cues are relevant for early word segmentation,https://escholarship.org/uc/item/336868mc
Papers,"Computational evidence for effects of memory decay, familiarity preference and
mutual exclusivity in cross-situational learning",https://escholarship.org/uc/item/9pv6j7t5
Papers,Cognitive Consequences of Interactivity,https://escholarship.org/uc/item/5d49q6qn
Papers,"Eye Movements Reveal Sensitivity to Sound Symbolism
Early and Late in Word Learning",https://escholarship.org/uc/item/0f8094k3
Papers,The Attentional Learning Trap and How to Avoid It,https://escholarship.org/uc/item/5sc236bz
Papers,What defines a category? Evidence that listeners' perception is governed by generalizations,https://escholarship.org/uc/item/3q57v8m4
Papers,"Transfer Effects of Prompted and Self-Reported
Analogical Comparison and Self-Explanation",https://escholarship.org/uc/item/10w1x6qj
Papers,"How do different training tasks modulate our perception and hemispheric
lateralization in the development of perceptual expertise?",https://escholarship.org/uc/item/75t4v432
Papers,Effects of Complementary Control on the Coordination Dynamics of Joint-Action,https://escholarship.org/uc/item/23p8w0zg
Papers,Development of selective attention in category learning,https://escholarship.org/uc/item/6vr3663s
Papers,"Auditory Stimuli Slow Down Responses and First Fixations:
Support for Auditory Dominance in Adults",https://escholarship.org/uc/item/0nc816wd
Papers,"Capturing Social Motor Coordination: A comparison of the Microsoft Kinect,
Video-Motion Analysis and the Polhemus Latus Motion Tracking System",https://escholarship.org/uc/item/8cv44951
Papers,"Can Joint Action be Synergistic?
Studying the Stabilization of Interpersonal Hand Coordination",https://escholarship.org/uc/item/63t337vg
Papers,Do Markov Violations and Failures of Explaining Away Persist with Experience?,https://escholarship.org/uc/item/51b927w6
Papers,How Causal Mechanism and Autocorrelation Beliefs Influence Information Search,https://escholarship.org/uc/item/0296c6z7
Papers,"Children search for information as efficiently as adults,
but seek additional confirmatory evidence",https://escholarship.org/uc/item/5dv9f52r
Papers,Restoring the Context of Interrupted Work with Desktop Thumbnails,https://escholarship.org/uc/item/1pt4c25g
Papers,"Representing and Learning a Large System of Number Concepts
with Latent Predicate Networks",https://escholarship.org/uc/item/07p69506
Papers,"Helping Students Understand Posterior Probabilities:
Research with a Digital Learning Environment on the Monty Hall Dilemma",https://escholarship.org/uc/item/1268x3sg
Papers,The Moral Rhetoric of Climate Change,https://escholarship.org/uc/item/5tf5x0v9
Papers,Some Probability Judgments may Rely on Complexity Assessments,https://escholarship.org/uc/item/7k59h1g8
Papers,How People Estimate Effect Sizes: The Role of Means and Standard Deviations,https://escholarship.org/uc/item/79v573s0
Papers,"How do children construct the color lexicon? :
Restructuring the domain as a connected system",https://escholarship.org/uc/item/3g41v804
Papers,"Tactile Experience Is Evoked by Visual Image of Materials:
Evidence from Onomatopoeia",https://escholarship.org/uc/item/2qw948pn
Papers,"Highlighting the Causal Meaning of Causal Test Questions
in Contexts of Norm Violations",https://escholarship.org/uc/item/3cd7747p
Papers,"The influence of hand or foot responses on response times in investigating action
sentence processing",https://escholarship.org/uc/item/5hr2p53j
Papers,"Gaze is not Enough: Computational Analysis of Infant's Head
Movement Measures the Developing Response to Social Interaction",https://escholarship.org/uc/item/1mp0f2cb
Papers,Large-scale investigations of variability in children‚Äôs first words,https://escholarship.org/uc/item/7q40d9ws
Papers,Assessing the Perceived Predictability of Functions,https://escholarship.org/uc/item/0w17n1rw
Papers,Learning and decisions in contextual multi-armed bandit tasks,https://escholarship.org/uc/item/0s78h2p2
Papers,Motion perception of biological swarms,https://escholarship.org/uc/item/2mj4z5kh
Papers,"The role of conflict in the n-2 repetition cost in task switching:
a computational model",https://escholarship.org/uc/item/891852r7
Papers,Neuronal Dynamics and Spatial Foraging,https://escholarship.org/uc/item/29d6d91t
Papers,Examining the role of inhibitory control in bilingual language switching,https://escholarship.org/uc/item/8d17q7nn
Papers,"Deliberate Practice Revisited: Complexity and Creativity in the Practice Process in
Breakdance",https://escholarship.org/uc/item/0r13s296
Papers,"The Dynamics of Spoken Word Recognition in Second Language Listeners
Reveal Native-Like Lexical Processing",https://escholarship.org/uc/item/43r657vc
Papers,Learning a Center-Embeddding Rule in an Artificial Grammar Learning Task,https://escholarship.org/uc/item/0px532p8
Papers,Modelling Causal Reasoning under Ambiguity,https://escholarship.org/uc/item/24x7681k
Papers,Moral Reasoning as Probability Reasoning,https://escholarship.org/uc/item/5gn4v1fm
Papers,"Predicting Meme Success with Linguistic Features in a Multilayer
Backpropagation Network",https://escholarship.org/uc/item/9c34s7mh
Papers,"Tetris¬ó: Exploring Human Performance via Cross Entropy
Reinforcement Learning Models",https://escholarship.org/uc/item/01w2w060
Papers,Children Learn Better When They Select Their Own Data,https://escholarship.org/uc/item/2km363bs
Papers,"Toddlers Learn with Facilitated Play, Not Free Play",https://escholarship.org/uc/item/93v5g359
Papers,"Memory Capacity Limits in Processing of Natural Connected Speech:
The Psychological Reality of Intonation Units",https://escholarship.org/uc/item/8v18c50x
Papers,"Attention and Pattern Consciousness Reorganize the Cortical Topography of Event-
Related Potential Correlates of Visual Sequential Learning.",https://escholarship.org/uc/item/6j15m001
Papers,Statistical and Chunking Processes in Adults' Visual Sequence Learning,https://escholarship.org/uc/item/3f46z1dp
Papers,"Understanding Deverbal Nominals:
World Knowledge or Lexical Semantics?",https://escholarship.org/uc/item/0cr9b8vn
Papers,Prospective uncertainty: The range of possible futures in physical predictions,https://escholarship.org/uc/item/7mb5p73k
Papers,Let's Get Physical: Thinking with Things in Architectural Design,https://escholarship.org/uc/item/6d52231n
Papers,Reading and writing direction effects on the aesthetic perception of photographs,https://escholarship.org/uc/item/8zh8t8jk
Papers,Multiple Language Gender Identification for Blog Posts,https://escholarship.org/uc/item/66d4z61k
Papers,Elemental Causal Learning from Transitions,https://escholarship.org/uc/item/1wx2047x
Papers,"Exploring the processing costs of the exactly and at least readings of bare numerals
with event-related brain potentials",https://escholarship.org/uc/item/0577n6rz
Papers,Attention dynamics in multiple object tracking,https://escholarship.org/uc/item/4ss6w1r5
Papers,"Choosing fast and slow: explaining differences between hedonic and utilitarian
choices",https://escholarship.org/uc/item/4md2d5pt
Papers,"Watch out! - An instruction raising students‚Äô epistemic vigilance augments their
sourcing activities",https://escholarship.org/uc/item/16v1k8dd
Papers,Social Situation Awareness: Empathic Accuracy in the Aircraft Cockpit,https://escholarship.org/uc/item/9vx8755r
Papers,Human behavior in contextual multi-armed bandit problems,https://escholarship.org/uc/item/53x415cj
Papers,Toddlers Always Get the Last Word: Recency biases in early verbal behavior,https://escholarship.org/uc/item/6g27r8s2
Papers,Generating Functions in Neural Learning of Sequential Structures,https://escholarship.org/uc/item/8xz1v34k
Papers,"How learners use feedback information:
Effects of social comparative information and achievement goals",https://escholarship.org/uc/item/0g30r3r8
Papers,Inhibition Failure is Mediated by a Disposition Toward Flexible Thinking,https://escholarship.org/uc/item/2h49c8rs
Papers,"M3-Situating Embodied Learning: Embedding Gestures in Narratives to learn
Mathematical FrActions in a digital tablet environment",https://escholarship.org/uc/item/2p69d9qs
Papers,Memory Foraging in a Spatial Domain,https://escholarship.org/uc/item/8zj8h7tf
Papers,"Formation of an art concept:
A case study using quantitative analysis of a contemporary artist‚Äôs interview data",https://escholarship.org/uc/item/8pc2j153
Papers,Memory Processes of Sequential Action Selection,https://escholarship.org/uc/item/32m336mb
Papers,The Effects of Criticism on Creative Ideation,https://escholarship.org/uc/item/80x62763
Papers,"Adaptive Perceptual Learning in Electrocardiography:
The Synergy of Passive and Active Classification",https://escholarship.org/uc/item/1vh9w02k
Papers,"Improving Lexical Memory Access and Decision Making Processes Using
Cognitive Word Games",https://escholarship.org/uc/item/6pj47967
Papers,Systemic Metaphors Promote Systems Thinking,https://escholarship.org/uc/item/38f266dx
Papers,Comparing Metaphors Reveals their Persuasive Capacity,https://escholarship.org/uc/item/54t6f5d8
Papers,"Metaphors Affect Reasoning:
Measuring Effects of Metaphor in a Dynamic Opinion Landscape",https://escholarship.org/uc/item/34m4k59j
Papers,"The perception and memory of object properties: The role of attention, intention,
and information detection",https://escholarship.org/uc/item/1x52q26f
Papers,An Account of Associative Learning in Memory Recall,https://escholarship.org/uc/item/40b5v87q
Papers,Representations of Time Affect Willingness to Wait for Future Rewards,https://escholarship.org/uc/item/115087zp
Papers,Building the mental timeline: Spatial representations of time in preschoolers,https://escholarship.org/uc/item/816936t4
Papers,How Sharp is Occam's Razor? Language Statistics in Cognitive Processing,https://escholarship.org/uc/item/6p22z7fj
Papers,Addressee Backchannels Can Bias Third-Party Memory and Judgment,https://escholarship.org/uc/item/5sr418q1
Papers,"What drives ""Unconscious"" Multi-Attribute Decision-Making?",https://escholarship.org/uc/item/4hq6m1vj
Papers,ERP indices of situated reference in visual contexts,https://escholarship.org/uc/item/8pv52647
Papers,Childhood SES affects anticipatory language comprehension in college-aged adults,https://escholarship.org/uc/item/1kg9z33w
Papers,Constraints on Hypothesis Selection in Causal Learning,https://escholarship.org/uc/item/3hj590td
Papers,"Social Eye Cue:
How Knowledge Of Another Person‚Äôs Attention Changes Your Own",https://escholarship.org/uc/item/5c63r4b1
Papers,"Constructing meaning:
Material products of a creative activity engage the social brain",https://escholarship.org/uc/item/4q00x5dh
Papers,"Why Stickiness is not Enough to Explain Persistence of Counterintuitive Religious
Concepts",https://escholarship.org/uc/item/21v136d0
Papers,Insight and Cognitive Ecosystems,https://escholarship.org/uc/item/3991f2vx
Papers,Predicting Lexical Norms Using a Word Association Corpus,https://escholarship.org/uc/item/26h3m3m6
Papers,Goals Affect the Perceived Quality of Explanations,https://escholarship.org/uc/item/4st4h0hx
Papers,"Explanations and Causal Judgments are Differentially Sensitive to Covariation and
Mechanism Information",https://escholarship.org/uc/item/1bz8c5x6
Papers,"Emergence of systematic iconicity: transmission, interaction and analogy",https://escholarship.org/uc/item/8rn5p4hm
Papers,"Manipulating the Contents of Consciousness
A Mechanistic-Manipulationist Perspective on Content-NCC Research",https://escholarship.org/uc/item/29p122m4
Papers,Spatial Perception is Continuously Constrained by Goals and Memories,https://escholarship.org/uc/item/7ph1k1pk
Papers,Processing Overt and Null Subject Pronouns in Italian: a Cognitive Model,https://escholarship.org/uc/item/02c9x6jf
Papers,Individual Belief Revision Dynamics in a Group Context,https://escholarship.org/uc/item/2mg8w82j
Papers,"Pattern Probabilities for Non-Dichotomous Events:
A New Rational Contribution to the Conjunction Fallacy Debate",https://escholarship.org/uc/item/16n762gr
Papers,The Tragedy of Inner-Individual Dilemmas,https://escholarship.org/uc/item/9sb552s3
Papers,Verbal Synchrony in Large Groups,https://escholarship.org/uc/item/5gk896jg
Papers,Executive Functions and Conceptual Change in Science and Mathematics Learning,https://escholarship.org/uc/item/4036468r
Papers,Cross-Cultural Comparison of Peer Influence on Discovery Rate during Play,https://escholarship.org/uc/item/6jk4t0q1
Papers,Why is Number Word Learning Hard? Evidence from Bilingual Learners,https://escholarship.org/uc/item/26f5d8ts
Papers,"The ""Fundamental Attribution Error"" is rational in an uncertain world",https://escholarship.org/uc/item/48d9b5qb
Papers,The role of working memory in melodic perception,https://escholarship.org/uc/item/3q78p6st
Papers,"The early emergence and puzzling decline of relational reasoning: Effects of prior knowledge and search on inferring ""same"" and ""different""",https://escholarship.org/uc/item/1dn6r2rq
Papers,Disambiguation Across the Senses: The Role of Discovery-Based Interference,https://escholarship.org/uc/item/4831c81m
Papers,Confidence Judgments and Eye Fixations Reveal Adults‚Äô Fractions Knowledge,https://escholarship.org/uc/item/8sr775qp
Papers,"Infant Locomotion, the Language Environment, and Language Development:
A Home Observation Study",https://escholarship.org/uc/item/9m0219bb
Papers,"Power-law fluctuations in eye movements predict text comprehension during
connected text reading",https://escholarship.org/uc/item/6dx236wv
Papers,Verbal Reports Reveal Strategies in Multiple-Cue Probabilistic Inference,https://escholarship.org/uc/item/8f5340zk
Papers,"Musical improvisation:
Multi-scaled spatiotemporal patterns of coordination",https://escholarship.org/uc/item/7xx3d0md
Papers,"Modeling the Object Recognition Pathway: A Deep Hierarchical Model Using
Gnostic Fields",https://escholarship.org/uc/item/8t67g683
Papers,"Statistical Structures in Artificial languages Prime Relative Clause Attachment
Biases in English",https://escholarship.org/uc/item/0f6289dd
Papers,"Characterizing the Difference between Learning about Adjacent
and Non-adjacent Dependencies",https://escholarship.org/uc/item/3bn9d644
Papers,"Interpersonal Anticipatory Synchronization:
The Facilitating Role of Short Visual-Motor Feedback Delays",https://escholarship.org/uc/item/2069h726
Papers,Reasoning about sentience and animacy: Children's and adults' inferences about the properties of unseen entities,https://escholarship.org/uc/item/7d58f4z5
Papers,A Computational Model for Learning Structured Concepts From Physical Scenes,https://escholarship.org/uc/item/8690592r
Papers,Reducing overconfidence in forecasting with repeated judgement elicitation,https://escholarship.org/uc/item/0nq276b9
Papers,Using Ground Truths to Improve Wisdom of the Crowd Estimates,https://escholarship.org/uc/item/8dv3221t
Papers,"When killing the heavy man seems right
Making people utilitarian by simply adding options to moral dilemmas",https://escholarship.org/uc/item/13b796v3
Papers,Transitivity is Not Obvious: Probing Prerequisites for Learning,https://escholarship.org/uc/item/5vm450cr
Papers,"We Readily Anchor Upon Others, But it is Easier to Anchor on the Self",https://escholarship.org/uc/item/3gn1016t
Papers,A Domain-Independent Model of Open-World Reference Resolution,https://escholarship.org/uc/item/6f17r533
Papers,Visuo-spatial Working Memory and the Comprehension of Iconic Gestures,https://escholarship.org/uc/item/20d0b3hf
Papers,Contingent Labeling after Infants' Pointing Helps Infants Learn Words,https://escholarship.org/uc/item/01j6405g
Papers,"A fine-grained understanding of emotions: Young children match within-valence
emotional expressions to their causes",https://escholarship.org/uc/item/3sv1179j
Papers,"Assessing Masked Semantic Priming: Cursor Trajectory versus Response Time
Measures",https://escholarship.org/uc/item/4809g6ns
Papers,General Language Ability Predicts Talker Identification,https://escholarship.org/uc/item/17d1t53h
Papers,A Computational Evaluation of Two Laws of Semantic Change,https://escholarship.org/uc/item/6301h6rd
Papers,Semantic chaining and efficient communication: The case of container names,https://escholarship.org/uc/item/5180p3q0
Papers,An adaptive cue combination model of spatial reorientation,https://escholarship.org/uc/item/5rk115mg
Papers,Assessing Emotions by Cursor Motions: An Affective Computing Approach,https://escholarship.org/uc/item/9vf4s0vp
Papers,"Learning of Time Varying Functions is Based on Association Between Successive
Stimuli",https://escholarship.org/uc/item/99m4825w
Papers,Towards an Empirical test of Realism in Cognition,https://escholarship.org/uc/item/23m8f70t
Papers,Diagnosticity: Some theoretical and empirical progress,https://escholarship.org/uc/item/0h1029t1
Papers,Learning of bimodally distributed quantities,https://escholarship.org/uc/item/9sc6x29w
Papers,"Efficient analysis-by-synthesis in vision: A computational framework, behavioral
tests, and comparison with neural representations",https://escholarship.org/uc/item/10j5s56s
Papers,Children‚Äôs Online Processing of Ad-Hoc Implicatures,https://escholarship.org/uc/item/8tt474w6
Papers,"Linking Joint Attention with Hand-Eye Coordination ‚Äì A Sensorimotor Approach to
Understanding Child-Parent Social Interaction",https://escholarship.org/uc/item/4bg2k1x1
Papers,Understanding young children's imitative behavior from an individual differences perspective,https://escholarship.org/uc/item/3mc8x48g
Papers,"Signatures of Domain-General Categorization Mechanisms
in ColorWord Learning",https://escholarship.org/uc/item/0tf3r6kh
Papers,"Rethinking the Conceptual History of the Term ""Cognitive""",https://escholarship.org/uc/item/06p6s8qj
Papers,Consistency in Brain Activation Predicts Success in Transfer,https://escholarship.org/uc/item/2br8j0qf
Papers,"Statistical Word Learning is a Continuous Process: Evidence from the Human
Simulation Paradigm",https://escholarship.org/uc/item/7266d8rq
Papers,No One Left Behind: How Social Distance Affects Life-Saving Decision Making,https://escholarship.org/uc/item/3dw5b7t2
Papers,"A Bayesian hierarchical model of local-global processing: visual crowding
as a case-study",https://escholarship.org/uc/item/98m8569z
Papers,In Search of Triggering Conditions for Spontaneous Visual Perspective Taking,https://escholarship.org/uc/item/7ts6j98x
Papers,The Impact of Granularity on Worked Examples and Problem Solving,https://escholarship.org/uc/item/7wm3v28k
Papers,"More Than a Blood Pump: An Experimental Enquiry of the Folk Theory of the
Heart",https://escholarship.org/uc/item/52n5n0gw
Papers,"You say potato, I say tŭdòu: How speakers of different languages share the same concept",https://escholarship.org/uc/item/7sb4555q
